"Page","Section","Section Description"
"Home","Navbar",""
"","Hero Header Section","Introduction to MedScanAI with a brief overview of its AI-based early disease detection capabilities."
"","Features List Section","Highlighting the core features: Multi-Modal Medical Image Analysis, Real-Time Diagnosis Suggestions, Integration with Medical Software, and Accuracy & Validation."
"","Feature Section","Detailing the Multi-Modal Medical Image Analysis feature, explaining how different types of medical images can be uploaded or captured."
"","Feature Section","Explaining Real-Time Diagnosis Suggestions, including disease predictions, annotated heatmaps, and urgency indicators."
"","Feature Section","Describing the Integration with Medical Software, mentioning REST APIs, HL7/FHIR support, and PDF export feature."
"","Feature Section","Focusing on Accuracy & Validation, including cross-validation, ensemble models, and active learning."
"","Stats Section","Presenting statistics about the accuracy rates, response times, and model improvements."
"","Benefits Section","Listing the benefits of using MedScanAI, such as fast and reliable diagnostics, especially useful in resource-limited or rural setups."
"","Testimonial Section","Featuring testimonials from healthcare professionals who have used MedScanAI."
"","CTA Section","Encouraging visitors to sign up for a demo or contact for more information."
"","Footer",""
"About Us","Navbar",""
"","Header Section","Introduction to MedScanAI, its mission, and vision in transforming healthcare with AI."
"","About Section","Detailed overview of MedScanAI's journey, including the inspiration behind the project and its development timeline."
"","Feature Section","Highlighting the expertise and experience of the founding team and key contributors."
"","Team Section","Profiles of the core team members, including their roles, backgrounds, and contributions to MedScanAI."
"","Partner Logos List Section","Display of partner and collaborator logos, emphasizing strategic alliances with medical institutions and technology providers."
"","Stats Section","Important statistics showcasing the impact and reach of MedScanAI, such as the number of hospitals using the tool, number of scans analyzed, and success stories."
"","Testimonial Section","Testimonials from healthcare professionals and institutions that have benefited from MedScanAI."
"","CTA Section","Encouraging visitors to get in touch for partnerships, collaborations, or more information about MedScanAI."
"","Footer",""
"Blog","Navbar",""
"","Featured Blog List Header Section","Introduction to the blog, highlighting the purpose of the blog and what kind of content readers can expect."
"","Blog List Section","Listing of the latest blog posts with titles, short excerpts, and publication dates."
"","Blog List Section","Featuring popular blog posts with titles, short excerpts, and publication dates."
"","Newsletter Section","Encouraging readers to subscribe to the newsletter for updates and new blog posts."
"","CTA Section","Inviting readers to explore related resources or contact for more information."
"","Footer",""
"Blog Post","Navbar",""
"","Blog Post Header Section","Displays the title of the blog post, author name, publication date, and a featured image."
"","Blog Post Body Section","Contains the main content of the blog post, including text, images, and embedded media."
"","Testimonial Section","Includes testimonials or quotes relevant to the blog post topic, if applicable."
"","Blog List Section","Displays links to related blog posts or recent articles to keep readers engaged."
"","CTA Section","Encourages readers to subscribe to the blog, leave comments, or share the post on social media."
"","Newsletter Section","Offers visitors the option to sign up for the MedScanAI newsletter to receive updates and new blog posts directly in their inbox."
"","Footer",""
"Products","Navbar",""
"","Header Section","Introduction to the MedScanAI product lineup, emphasizing the innovation and technology behind the solutions."
"","Features List Section","Overview of the main products: MedScanAI X-ray, MedScanAI MRI, MedScanAI CT, and the MedScanAI Mobile App."
"","Feature Section","Detailing MedScanAI X-ray, explaining its capabilities in analyzing X-ray images to detect diseases such as lung cancer."
"","Feature Section","Detailing MedScanAI MRI, explaining its capabilities in analyzing MRI scans to detect brain tumors and other anomalies."
"","Feature Section","Detailing MedScanAI CT, explaining its capabilities in analyzing CT scans to detect cardiac anomalies and other conditions."
"","Feature Section","Detailing the MedScanAI Mobile App, explaining its functionality for on-the-go diagnostics and its offline mode capabilities."
"","Benefits Section","Highlighting the benefits of using MedScanAI products, such as increased diagnostic accuracy, time efficiency, and accessibility in various healthcare settings."
"","Pricing Section","Providing information on pricing plans and subscription options for each product."
"","CTA Section","Encouraging visitors to request a demo, contact sales, or sign up for a trial."
"","Footer",""
"Product","Navbar",""
"","Header Section","Overview of MedScanAI, its purpose, and its importance in early disease detection."
"","Feature Section","Detailed explanation of Multi-Modal Medical Image Analysis, including supported formats and datasets."
"","Feature Section","In-depth look at Real-Time Diagnosis Suggestions, showcasing the speed, accuracy, and types of diagnostic outputs provided."
"","Features List Section","Highlighting Integration with Medical Software, including REST APIs, HL7/FHIR support, and report export options."
"","Feature Section","Focusing on Accuracy & Validation, including methods for maintaining and improving model accuracy."
"","Benefits Section","Listing the key benefits of using MedScanAI for healthcare professionals and patients."
"","Stats Section","Providing statistics and data on the effectiveness and reliability of MedScanAI."
"","Testimonial Section","Featuring detailed testimonials from healthcare professionals and institutions that have implemented MedScanAI."
"","Pricing Section","Pricing plans for MedScanAI, including any tiers or packages available."
"","CTA Section","Encouraging visitors to request a demo, contact sales, or sign up for more information."
"","Footer",""